{"cameraMode":{"drawMode":0,"name":"Shaded","section":"Shading Mode"},"sceneLighting":true,"audioPlay":false,"sceneViewState":{"showFog":true,"showMaterialUpdate":false,"showSkybox":true,"showFlares":true,"showImageEffects":true,"showParticleSystems":true},"in2DMode":false,"pivot":{"x":-30.927452087402345,"y":-28.84841537475586,"z":5.524256706237793},"rotation":{"x":-0.31216445565223696,"y":0.6364803910255432,"z":-0.3147962987422943,"w":-0.6311580538749695},"size":45.007442474365237,"orthographic":false}