{"cameraMode":{"drawMode":0,"name":"Shaded","section":"Shading Mode"},"sceneLighting":false,"audioPlay":false,"sceneViewState":{"showFog":true,"showMaterialUpdate":false,"showSkybox":false,"showFlares":true,"showImageEffects":true,"showParticleSystems":true},"in2DMode":false,"pivot":{"x":-5.303741455078125,"y":7.791587829589844,"z":18.791168212890626},"rotation":{"x":-0.24794837832450868,"y":0.6696212291717529,"z":-0.25457993149757388,"w":-0.6521732211112976},"size":10.0,"orthographic":false}