{"cameraMode":{"drawMode":0,"name":"Shaded","section":"Shading Mode"},"sceneLighting":false,"audioPlay":false,"sceneViewState":{"showFog":true,"showMaterialUpdate":false,"showSkybox":false,"showFlares":true,"showImageEffects":true,"showParticleSystems":true},"in2DMode":false,"pivot":{"x":2.7996253967285158,"y":-2.9945173263549806,"z":1.392540454864502},"rotation":{"x":-0.20829704403877259,"y":0.6782997250556946,"z":-0.21005210280418397,"w":-0.6726239323616028},"size":4.9552836418151859,"orthographic":false}