{"cameraMode":{"drawMode":0,"name":"Shaded","section":"Shading Mode"},"sceneLighting":false,"audioPlay":false,"sceneViewState":{"showFog":true,"showMaterialUpdate":false,"showSkybox":false,"showFlares":true,"showImageEffects":true,"showParticleSystems":true},"in2DMode":false,"pivot":{"x":0.000431060791015625,"y":-0.3125,"z":0.00096893310546875},"rotation":{"x":-0.2649741768836975,"y":0.6578838229179382,"z":-0.2672100365161896,"w":-0.6523798108100891},"size":7.077969074249268,"orthographic":false}