{"cameraMode":{"drawMode":0,"name":"Shaded","section":"Shading Mode"},"sceneLighting":false,"audioPlay":false,"sceneViewState":{"showFog":true,"showMaterialUpdate":false,"showSkybox":false,"showFlares":true,"showImageEffects":true,"showParticleSystems":true},"in2DMode":false,"pivot":{"x":-1.1636590957641602,"y":-3.626338005065918,"z":0.7266449332237244},"rotation":{"x":-0.15032382309436799,"y":0.69272381067276,"z":-0.15113262832164765,"w":-0.688990592956543},"size":5.645415306091309,"orthographic":false}