{"cameraMode":{"drawMode":0,"name":"Shaded","section":"Shading Mode"},"sceneLighting":false,"audioPlay":false,"sceneViewState":{"showFog":true,"showMaterialUpdate":false,"showSkybox":false,"showFlares":true,"showImageEffects":true,"showParticleSystems":true},"in2DMode":false,"pivot":{"x":-5.274991035461426,"y":7.021232604980469,"z":-1.4579005241394044},"rotation":{"x":-0.13018347322940827,"y":-0.6766229867935181,"z":0.12334804236888886,"w":-0.7141803503036499},"size":0.8788773417472839,"orthographic":false}