{"cameraMode":{"drawMode":0,"name":"Shaded","section":"Shading Mode"},"sceneLighting":false,"audioPlay":false,"sceneViewState":{"showFog":true,"showMaterialUpdate":false,"showSkybox":false,"showFlares":true,"showImageEffects":true,"showParticleSystems":true},"in2DMode":false,"pivot":{"x":0.7523002624511719,"y":8.22730827331543,"z":9.204315185546875},"rotation":{"x":-0.14622578024864198,"y":0.7713515162467957,"z":-0.19146773219108582,"w":-0.589062511920929},"size":17.813159942626954,"orthographic":false}